epoch,steps,cosine_pearson,cosine_spearman,euclidean_pearson,euclidean_spearman,manhattan_pearson,manhattan_spearman,dot_pearson,dot_spearman
0,-1,0.9590329472230614,0.9103444041929893,0.9464102103960503,0.9070096265762182,0.9459832823611949,0.9063347188310924,0.949851192145871,0.8985360500912031
1,-1,0.9619807726410244,0.9158093345074068,0.9500556904778111,0.91156486523514,0.9497524053564718,0.9113034080840617,0.9511012939781386,0.9019560032763371
2,-1,0.9617771733681403,0.9167154154976067,0.9498776597826766,0.9128853127842594,0.9496257551819738,0.9123720750419742,0.951210592179422,0.9026758846007849
3,-1,0.9626126244910338,0.9178030251026664,0.9499720954463697,0.9130827358894985,0.9496583435569644,0.9125703512290484,0.9504778279664378,0.9018883661752123
4,-1,0.9629385753832178,0.9194864538701794,0.9499810048213168,0.9141357249960879,0.9496502646640655,0.9136433454472714,0.950452364639446,0.9033202537918796
